{"format": "layers-model", "generatedBy": "keras v2.4.0", "convertedBy": "TensorFlow.js Converter v2.3.0", "modelTopology": {"keras_version": "2.4.0", "backend": "tensorflow", "model_config": {"class_name": "Sequential", "config": {"name": "sequential_1", "layers": [{"class_name": "InputLayer", "config": {"batch_input_shape": [null, 40, 74], "dtype": "float32", "sparse": false, "ragged": false, "name": "lstm_1_input"}}, {"class_name": "LSTM", "config": {"name": "lstm_1", "trainable": true, "batch_input_shape": [null, 40, 74], "dtype": "float32", "return_sequences": false, "return_state": false, "go_backwards": false, "stateful": false, "unroll": false, "time_major": false, "units": 128, "activation": "tanh", "recurrent_activation": "sigmoid", "use_bias": true, "kernel_initializer": {"class_name": "GlorotUniform", "config": {"seed": null}}, "recurrent_initializer": {"class_name": "Orthogonal", "config": {"gain": 1.0, "seed": null}}, "bias_initializer": {"class_name": "Zeros", "config": {}}, "unit_forget_bias": true, "kernel_regularizer": null, "recurrent_regularizer": null, "bias_regularizer": null, "activity_regularizer": null, "kernel_constraint": null, "recurrent_constraint": null, "bias_constraint": null, "dropout": 0.0, "recurrent_dropout": 0.0, "implementation": 2}}, {"class_name": "Dense", "config": {"name": "dense_1", "trainable": true, "dtype": "float32", "units": 74, "activation": "softmax", "use_bias": true, "kernel_initializer": {"class_name": "GlorotUniform", "config": {"seed": null}}, "bias_initializer": {"class_name": "Zeros", "config": {}}, "kernel_regularizer": null, "bias_regularizer": null, "activity_regularizer": null, "kernel_constraint": null, "bias_constraint": null}}]}}, "training_config": {"loss": "categorical_crossentropy", "metrics": null, "weighted_metrics": null, "loss_weights": null, "optimizer_config": {"class_name": "RMSprop", "config": {"name": "RMSprop", "learning_rate": 0.01, "decay": 0.0, "rho": 0.9, "momentum": 0.0, "epsilon": 1e-07, "centered": false}}}}, "weightsManifest": [{"paths": ["group1-shard1of1.bin"], "weights": [{"name": "dense_1/kernel", "shape": [128, 74], "dtype": "float32"}, {"name": "dense_1/bias", "shape": [74], "dtype": "float32"}, {"name": "lstm_1/lstm_cell_1/kernel", "shape": [74, 512], "dtype": "float32"}, {"name": "lstm_1/lstm_cell_1/recurrent_kernel", "shape": [128, 512], "dtype": "float32"}, {"name": "lstm_1/lstm_cell_1/bias", "shape": [512], "dtype": "float32"}]}]}